time,pitch,depth,depth_rate,v_N,v_E,pump_volume,thruster_power,thruster_current
1574395482.57758,0.0191986,0.0,0.0,,,253.561,,
1574395541.51633,0.0191986,0.0,0.0,,,253.498,,
1574395545.74814,0.0191986,0.0,0.0,,,253.51,,
1574395550.05649,0.0191986,0.0,0.0,,,253.51,,
1574395554.2803,0.0191986,0.0,0.0,,,253.523,,
1574395558.67575,0.0191986,0.0,0.0,,,253.587,,
1574395562.9144,0.0191986,0.0,0.0,,,253.549,,
1574395570.13266,0.0191986,0.0,0.0,,,253.485,,
1574395574.52597,0.0191986,0.0,0.0,,,253.523,,
1574395578.74918,0.0191986,0.0,0.0,,,253.51,,
1574395582.99435,0.0191986,0.0,0.0,0.251601,-0.0534795,253.459,,
1574395587.52798,0.0191986,0.0,0.0,-0.0,-0.0,253.498,,
1574395592.05362,0.0191986,0.566483,0.111512,-0.144232,-0.146771,254.097,,
1574395596.7514,0.0191986,0.0,-0.136766,-0.0,-0.0,253.408,,
1574395601.27591,0.0191986,0.0,0.0,-0.0,-0.0,244.119,,
1574395605.73282,0.0191986,0.0,0.0,-0.0,-0.0,235.417,,
1574395610.1514,0.0191986,0.0,0.0,-0.0,-0.0,226.753,,
1574395614.64688,0.0191986,0.234883,0.0525937,-0.0,-0.0,218.485,,
1574395619.06509,0.0191986,0.0,-0.0528302,0.0740486,-0.00483108,210.434,,
1574395623.34534,0.0191986,0.0,0.0,-0.0,-0.0,202.421,,
1574395627.78134,0.0191986,0.0,0.0,-0.0,-0.0,194.255,,
1574395632.21661,0.0191986,0.0,0.0,-0.180289,-0.183464,186.178,,
1574395636.64136,0.0191986,0.0,0.0,-0.142048,-0.274039,177.731,,
1574395641.06796,0.0191986,0.0138167,0.00320647,-0.0,-0.0,169.794,,
1574395645.50201,0.0191986,0.0,-0.00307927,-0.0,-0.0,161.692,,
1574395649.92856,0.0191986,0.0,0.0,-0.0,-0.0,153.309,,
1574395654.35077,0.0191986,0.0,0.0,0.0740486,-0.00483108,145.462,,
1574395658.61682,0.0191986,1.09152,0.250981,-0.0710242,-0.13702,137.653,,
1574395663.0571,0.0191986,0.0,-0.243154,0.0,-0.0,129.703,,
1574395667.57208,0.0191986,0.0,0.0,0.0978729,-0.181012,121.639,,
1574395672.01205,0.0191986,0.0,0.0,0.180056,-0.311865,113.69,,
1574395676.43243,0.0191986,0.0,0.0,0.306387,-0.189228,106.149,,
1574395680.85193,0.0191986,0.0,0.0,0.0,-0.0,98.5189,,
1574395685.30469,0.0191986,0.0,0.0,0.057755,-0.197507,91.131,,
1574395689.72815,0.0191986,0.0,0.0,0.0,-0.0,83.5518,,
1574395694.1517,0.0191986,0.04145,0.00937147,0.0740486,-0.00483108,76.4064,,
1574395698.58759,0.0191986,0.0,-0.00914607,0.253768,-0.175718,69.0058,,
1574395703.03763,0.0191986,0.0,0.0,0.0301333,-0.358848,61.5796,,
1574395707.48499,0.0191986,0.0,0.0,-0.193488,-0.303715,54.498,,
1574395711.92017,0.0191986,0.0,0.0,-0.12269,-0.165202,47.0209,,
1574395716.34164,0.0191986,0.400683,0.0932255,-0.0,-0.0,39.8627,,
1574395720.77563,0.0191986,0.0,-0.0891794,-0.0,-0.0,32.9852,,
1574395725.19565,0.0191986,0.0,0.0,-0.0,-0.0,25.8526,,
1574395729.61377,0.0191986,0.0,0.0,0.0218668,-0.204613,18.9496,,
1574395734.03986,0.0191986,0.0,0.0,0.0740486,-0.00483108,12.0594,,
1574395738.31381,0.0191986,0.0,0.0,0.0,-0.0,5.19471,,
1574395742.75583,0.0191986,0.0,0.0,0.0,-0.0,-1.50411,,
1574395747.19287,0.0191986,0.0,0.0,0.0,-0.0,-8.34329,,
1574395751.62497,0.0191986,0.0,0.0,0.0218668,-0.204613,-15.0421,,
1574395756.20502,0.0191986,0.0,0.0,0.0,-0.0,-21.9196,,
1574395760.63724,0.0191986,0.0,0.0,0.0,-0.0,-28.2101,,
1574395765.04907,0.0191986,0.0,0.0,0.0218668,-0.204613,-34.8451,,
1574395769.47015,0.0191986,0.0,0.0,0.0740486,-0.00483108,-41.2632,,
1574395773.90268,0.0191986,0.0,0.0,0.0,-0.0,-47.6686,,
1574395778.33936,0.0191986,0.0,0.0,0.203622,-0.0297053,-53.8187,,
1574395782.78806,0.0191986,0.0,0.0,0.0,-0.0,-60.122,,
1574395787.24716,0.0191986,0.0,0.0,0.0,-0.0,-66.3997,,
1574395791.70322,0.0191986,0.0,0.0,0.0892374,-0.185422,-72.4478,,
1574395796.11911,0.0191986,0.0,0.0,0.0,-0.0,-78.7638,,
1574395800.54245,0.0191986,0.0,0.0,0.133856,-0.278132,-84.3781,,
1574395804.96463,0.0191986,0.0,0.0,0.133856,-0.278132,-90.5538,,
1574395809.38281,0.0191986,0.0690833,0.015605,0.0740486,-0.00483108,-96.3849,,
1574395813.65216,0.0191986,0.0,-0.0157509,0.0,-0.0,-101.859,,
1574395818.10876,0.0191986,0.0,0.0,0.0,-0.0,-107.869,,
1574395822.55463,0.0191986,0.0,0.0,0.0892374,-0.185422,-113.585,,
1574395826.99377,0.0191986,0.234883,0.0528184,0.223094,-0.463554,-119.429,,
1574395831.41531,0.0191986,0.0,-0.0542957,0.178475,-0.370843,-125.388,,
1574395835.87347,0.0191986,0.0,0.0,0.0,-0.0,-131.41,,
1574395840.29611,0.0191986,0.0,0.0,0.0,-0.0,-137.573,,
1574395844.7139,0.0191986,0.0,0.0,0.0,-0.0,-144.655,,
1574395849.12625,0.0191986,0.0,0.0,0.0740486,-0.00483108,-151.226,,
1574395853.39145,0.0191986,0.0,0.0,0.0,-0.0,-157.938,,
1574395857.83789,0.0191986,0.0,0.0,-0.263923,-0.500575,-164.738,,
1574395862.27863,0.0191986,0.0,0.0,-0.263923,-0.500575,-171.335,,
1574395866.71552,0.0191986,0.0,0.0,-0.263923,-0.500575,-178.174,,
1574395871.13864,0.0191986,0.0,0.0,-0.263923,-0.500575,-185.014,,
1574395875.57922,0.0191986,0.0,0.0,-0.263923,-0.500575,-191.623,,
1574395879.99338,0.0191986,0.0,0.0,-0.263923,-0.500575,-198.271,,
1574395884.4072,0.0191986,0.0,0.0,0.0740486,-0.00483108,-205.659,,
1574395888.70889,0.0191986,0.0,0.0,0.0740486,-0.00483108,-212.523,,
1574395893.14926,0.0191986,0.0,0.0,0.0740486,-0.00483108,-219.784,,
1574395897.60971,0.0191986,0.0,0.0,0.0740486,-0.00483108,-227.35,,
1574395901.8891,0.0191986,0.12435,0.0290809,0.0740486,-0.00483108,-235.006,,
1574395906.15717,0.0191986,0.428317,0.0712032,0.0740486,-0.00483108,-243.172,,
1574395910.62076,0.0191986,0.78755,0.0802397,0.0740486,-0.00483108,-251.325,,
1574395914.88919,0.0191986,1.22968,0.103641,0.0740486,-0.00483108,-260.015,,
1574395919.11334,0.0191986,1.75472,0.124622,0.0740486,-0.00483108,-261.036,,
1574395923.44089,0.0191986,2.30738,0.127137,0.0740486,-0.00483108,-261.023,,
1574395927.96359,0.0191986,2.91532,0.134231,0.0740486,-0.00483108,-261.036,,
1574395932.31116,0.0191986,3.55088,0.146309,0.0740486,-0.00483108,-261.138,,
1574395936.65512,0.0191986,4.40752,0.197563,0.0740486,-0.00483108,-261.227,,
1574395940.98978,-0.579449,5.04308,0.136828,-0.119118,-0.0166456,-261.253,,
1574395945.23868,-0.551524,6.06552,0.228528,-0.271548,-0.0199201,-261.278,,
1574395949.45596,-0.427606,6.67345,0.162159,-0.244863,-0.00705753,-261.278,0.7434,0.2478
1574395953.68713,-0.441568,7.19848,0.124151,-0.159847,0.0131662,-261.278,0.6195,0.2065
1574395958.05798,-0.47473,7.97222,0.176008,-0.232294,0.0541612,-261.278,0.7434,0.2478
1574395962.42984,-0.47473,8.91175,0.216233,-0.291843,0.114761,-261.316,0.6195,0.2065
1574395966.65057,-0.466003,9.93418,0.241767,-0.320112,0.189975,-261.355,0.6195,0.2065
1574395970.86981,-0.455531,10.7632,0.195888,-0.21828,0.210692,-261.418,0.6195,0.2065
1574395975.08597,-0.459022,11.6198,0.202946,-0.185491,0.26393,-261.38,0.6195,0.2065
1574395979.46826,-0.471239,12.587,0.221675,-0.144387,0.327705,-261.444,0.619318,0.2065
1574395983.6828,-0.453786,13.3331,0.171833,-0.0469512,0.290197,-261.495,,
1574395987.89627,-0.434587,14.1621,0.196865,0.050012,0.377221,-261.52,0.6195,0.2065
1574395992.1152,-0.457276,14.9911,0.203886,0.091144,0.371639,-261.52,0.6195,0.2065
1574395996.48215,-0.471239,15.7095,0.158988,0.129068,0.273036,-261.533,0.6195,0.2065
1574396000.70145,-0.466003,16.6767,0.238101,0.385968,0.295336,-261.559,,
1574396004.91187,-0.459022,17.6715,0.227539,0.280786,0.360576,-261.52,3.6676,0.5782
1574396009.12878,-0.44855,18.8597,0.281505,0.406293,0.412857,-261.546,3.40563,0.5369
1574396013.49725,-0.439823,20.1032,0.284424,0.438601,0.407221,-261.546,3.40563,0.5369
1574396017.7153,-0.434587,21.6231,0.358959,0.55033,0.514939,-261.533,3.40563,0.5369
1574396022.09213,-0.439823,22.7837,0.275154,0.454124,0.367366,-261.546,3.40563,0.5369
1574396026.31268,-0.438078,24.2759,0.353769,0.580481,0.462491,-261.546,3.14366,0.4956
1574396030.68005,-0.436332,25.5194,0.285796,0.492738,0.362996,-261.546,3.40563,0.5369
1574396034.89072,-0.443314,27.0668,0.364281,0.61289,0.444115,-261.533,3.40563,0.5369
1574396039.10526,-0.453786,28.4209,0.323776,0.543734,0.380973,-261.533,3.40563,0.5369
1574396043.32047,-0.429351,29.8302,0.33301,0.576962,0.424697,-261.533,3.13789,0.4956
1574396047.6911,-0.42237,31.046,0.28093,0.513684,0.351179,-261.546,,
1574396051.90448,-0.424115,32.5935,0.366004,0.673811,0.422975,-261.546,5.4528,0.7021
1574396056.11618,-0.42586,33.8923,0.308422,0.598337,0.320242,-261.546,5.4528,0.7021
1574396060.32755,-0.450295,35.495,0.366674,0.661406,0.366481,-261.546,5.13205,0.6608
1574396064.70218,-0.436332,37.1806,0.400293,0.74464,0.401294,-261.546,5.13205,0.6608
1574396068.91422,-0.417134,38.7557,0.372805,0.72319,0.396087,-261.546,5.4528,0.7021
1574396073.12643,-0.411898,40.165,0.335468,0.672177,0.347494,-261.546,5.4528,0.7021
1574396077.33997,-0.408407,41.5191,0.321547,0.629289,0.371095,-261.559,5.13205,0.6608
1574396081.71164,-0.418879,43.1771,0.361693,0.673985,0.423099,-261.546,5.4528,0.7021
1574396086.09253,-0.410152,44.7798,0.381331,0.692568,0.492471,-261.559,5.4528,0.7021
1574396090.30841,-0.39968,46.3273,0.352177,0.610508,0.520509,-261.559,5.4528,0.7021
1574396094.5365,-0.404916,47.5155,0.292668,0.490819,0.446819,-261.533,,
1574396098.91348,-0.417134,49.284,0.39075,0.574326,0.619617,-261.597,5.38552,0.7021
1574396103.13174,-0.403171,50.4723,0.292957,0.437154,0.49494,-261.559,5.38552,0.7021
1574396107.34607,-0.406662,51.9092,0.328292,0.438448,0.57833,-261.584,5.37789,0.7021
1574396111.55768,-0.404916,53.1527,0.309021,0.402683,0.555312,-261.571,5.06155,0.6608
1574396115.92606,-0.415388,54.7278,0.347858,0.438698,0.609308,-261.61,5.37789,0.7021
1574396120.14163,-0.420624,55.9713,0.306205,0.401645,0.521474,-261.648,5.06155,0.6608
1574396124.35818,-0.420624,57.4911,0.360577,0.492636,0.595199,-261.571,5.06155,0.6608
1574396128.56815,-0.42237,59.011,0.349548,0.501912,0.55682,-261.597,5.37789,0.7021
1574396132.93652,-0.424115,60.3926,0.324869,0.507531,0.483411,-261.623,5.37789,0.7021
1574396137.15756,-0.42237,61.9677,0.375202,0.616927,0.524942,-261.635,5.06155,0.6608
1574396141.37329,-0.42237,63.3494,0.314659,0.554509,0.409891,-261.597,,
1574396145.60223,-0.42586,64.7587,0.316768,0.570768,0.388864,-261.533,0.0,0.0
1574396149.9931,-0.382227,66.3062,0.343347,0.651203,0.495115,-244.958,,
1574396154.17108,-0.251327,66.9141,0.166511,0.498964,0.292698,-221.544,,
1574396158.32721,-0.191986,67.4668,0.13209,0.561419,0.239226,-198.73,,
1574396162.46899,-0.179769,67.8813,0.097369,0.303459,0.0777617,-176.554,,
1574396166.76117,-0.169297,68.13,0.05777,0.0740486,-0.00483108,-154.097,,
1574396170.94409,-0.148353,68.4063,0.0655439,0.0740486,-0.00483108,-132.176,,
1574396175.08582,-0.129154,68.5997,0.0471214,0.0740486,-0.00483108,-110.561,,
1574396179.22385,-0.0907571,68.7379,0.0334787,0.0740486,-0.00483108,-89.1757,,
1574396183.51239,-0.0628319,68.7655,0.00645638,0.0740486,-0.00483108,-66.8336,,
1574396187.65186,-0.0453786,68.7655,0.0,0.0740486,-0.00483108,-44.7849,,
1574396191.81665,-0.010472,68.7932,0.00640699,0.0740486,-0.00483108,-23.0041,,
1574396195.98715,0.0331613,68.6274,-0.0411721,0.0740486,-0.00483108,-1.35099,,
1574396200.30054,0.0575959,68.5445,-0.019221,0.0740486,-0.00483108,20.9019,,
1574396204.46024,0.0820305,68.4616,-0.0199952,0.0740486,-0.00483108,42.6826,,
1574396208.61795,0.106465,68.1852,-0.0666667,0.0740486,-0.00483108,63.8126,,
1574396212.90628,0.136136,68.0471,-0.0308614,0.0740486,-0.00483108,85.5423,,
1574396217.19421,0.181514,67.6049,-0.107184,0.0740486,-0.00483108,108.688,,
1574396221.37805,0.207694,67.301,-0.0696692,0.29334,0.0793471,129.857,,
1574396225.53403,0.221657,66.9141,-0.097276,0.365977,0.13254,151.344,,
1574396229.69226,0.251327,66.4443,-0.112411,0.379877,0.153019,172.959,,
1574396233.99942,0.310669,66.1404,-0.0675932,0.221612,0.0796792,194.944,,
1574396238.15945,0.368264,65.3666,-0.195092,0.441221,0.245637,216.533,,
1574396242.31784,0.390954,64.7587,-0.140758,0.322326,0.164533,238.058,,
1574396246.48584,0.392699,64.0679,-0.17245,0.360712,0.227305,259.571,,
1574396250.71725,0.408407,63.156,-0.211578,0.391242,0.297228,,,
1574396254.80057,0.441568,62.3546,-0.195694,0.327988,0.27036,,,
1574396258.87897,0.443314,61.2769,-0.264207,0.398209,0.384239,,,
1574396262.96359,0.44855,60.3097,-0.235206,0.350822,0.343121,236.553,,
1574396267.19177,0.439823,59.1768,-0.263542,0.395166,0.390304,236.387,,
1574396271.49902,0.42586,58.0714,-0.25545,0.395332,0.390508,252.426,0.6195,0.2065
1574396275.94089,0.432842,57.0214,-0.250135,0.393348,0.367702,,0.6195,0.2065
1574396280.15228,0.460767,55.8884,-0.267714,0.402277,0.363564,,0.6195,0.2065
1574396284.52109,0.45204,54.6173,-0.292013,0.43677,0.408045,,0.6195,0.2065
1574396288.72473,0.450295,53.3461,-0.299513,0.441719,0.425656,255.475,0.6195,0.2065
1574396292.94318,0.453786,52.0197,-0.313866,0.455776,0.443697,255.335,0.6195,0.2065
1574396297.16068,0.460767,50.8868,-0.266643,0.389257,0.372154,255.297,0.626048,0.2065
1574396301.53043,0.457276,49.4222,-0.336682,0.484013,0.470117,255.131,0.626048,0.2065
1574396305.746,0.453786,48.1787,-0.294041,0.443635,0.404199,255.054,0.626048,0.2065
1574396309.96103,0.44855,47.0181,-0.275285,0.451879,0.354972,255.016,0.626048,0.2065
1574396314.17816,0.467748,45.6364,-0.315882,0.494932,0.386278,254.965,0.626048,0.2065
1574396318.55261,0.462512,44.3377,-0.297201,0.519487,0.311726,254.888,,
1574396322.77075,0.459022,43.0665,-0.30086,0.536889,0.306185,254.863,3.43145,0.5369
1574396326.9848,0.455531,41.5467,-0.375453,0.650887,0.397577,254.723,3.43145,0.5369
1574396331.20645,0.459022,39.9163,-0.387905,0.655308,0.422147,254.646,3.16749,0.4956
1574396335.57172,0.457276,38.1202,-0.412059,0.737878,0.384635,254.672,3.16749,0.4956
1574396339.94016,0.44855,36.5727,-0.353707,0.668542,0.309937,254.569,3.16749,0.4956
1574396344.15454,0.446804,34.8594,-0.391872,0.749058,0.320029,254.493,3.16749,0.4956
1574396348.36823,0.443314,33.2567,-0.395249,0.763242,0.319479,254.506,3.16749,0.4956
1574396352.73236,0.462512,31.5987,-0.38045,0.694188,0.323516,254.531,3.16749,0.4956
1574396356.9415,0.471239,29.9683,-0.372655,0.664621,0.319839,254.493,3.16749,0.4956
1574396361.15222,0.472984,28.2827,-0.413247,0.714872,0.375662,254.493,3.16141,0.4956
1574396365.37454,0.466003,26.6523,-0.388553,0.661603,0.395971,254.404,,
1574396369.7402,0.464258,24.7456,-0.419147,0.676481,0.476084,254.442,5.24459,0.6608
1574396373.96155,0.471239,22.8942,-0.455345,0.693951,0.539767,254.404,5.57237,0.7021
1574396378.17731,0.47473,21.0428,-0.42396,0.649886,0.493975,254.404,5.24459,0.6608
1574396382.39548,0.467748,19.0532,-0.471693,0.699109,0.588329,254.365,5.24459,0.6608
1574396386.7709,0.459022,17.1741,-0.446228,0.679712,0.563925,254.365,5.24459,0.6608
1574396390.99301,0.459022,15.295,-0.443594,0.687812,0.547804,254.327,5.24459,0.6608
1574396395.20602,0.462512,13.4989,-0.430632,0.666911,0.525249,254.365,5.24459,0.6608
1574396399.42139,0.462512,11.5369,-0.464371,0.706778,0.574958,254.327,5.24459,0.6608
1574396403.78711,0.471239,9.51968,-0.460555,0.696278,0.551506,254.302,4.9168,0.6195
1574396407.99792,0.472984,7.33665,-0.463981,0.711981,0.538092,254.123,0.0,0.0
1574396412.27948,0.432842,5.31942,-0.408595,0.69398,0.511677,240.572,,
1574396416.47098,0.326377,4.37988,-0.314751,0.731579,0.462451,227.315,,
1574396420.77475,0.247837,3.32982,-0.235125,0.735811,0.344077,215.283,,
1574396424.92456,0.204204,2.61135,-0.163362,0.639931,0.155297,205.483,,
1574396429.51138,0.10472,2.05868,-0.124306,0.56771,0.103707,191.613,,
1574396433.78696,-0.015708,1.80998,-0.0583118,0.300677,0.0483241,179.262,,
1574396438.25082,-0.0523599,1.72708,-0.0185749,0.0740486,-0.00483108,167.523,,
1574396442.5264,-0.0663225,1.67182,-0.0134436,0.0740486,-0.00483108,155.95,,
1574396446.81107,-0.0645772,1.72708,0.0123336,0.0740486,-0.00483108,144.53,,
1574396451.09729,-0.0785398,1.72708,0.0,0.0740486,-0.00483108,133.008,,
1574396455.54031,-0.122173,1.61655,-0.0241867,0.0740486,-0.00483108,121.052,,
1574396459.83218,-0.155334,1.53365,-0.0201409,0.0740486,-0.00483108,109.9,,
1574396464.26901,-0.167552,1.36785,-0.0374266,0.0740486,-0.00483108,98.4551,,
1574396468.53806,-0.172788,1.20205,-0.038829,0.0740486,-0.00483108,87.5838,,
1574396472.96033,-0.198968,1.17442,-0.00624059,0.0499621,-0.0242665,76.904,,
1574396477.23932,-0.232129,0.815183,-0.0805275,-0.168089,-0.244446,66.658,,
1574396481.53232,-0.244346,0.566483,-0.0575694,-0.0828333,-0.174248,56.9351,,
1574396485.82343,-0.244346,0.179617,-0.0901997,-0.172679,-0.269414,46.9698,,
1574396490.26263,-0.253073,0.0,-0.0404542,-0.0152251,-0.133279,37.3235,,
1574396494.5499,-0.242601,0.0,0.0,0.0740486,-0.00483108,28.5576,,
1574396498.82419,-0.200713,0.0,0.0,0.0740486,-0.00483108,20.417,,
1574396503.10568,-0.179769,0.0,0.0,0.397447,0.430625,12.4167,,
1574396507.56903,-0.18675,0.0,0.0,0.207537,0.172314,4.8502,,
1574396511.8483,0.0593412,0.0,0.0,0.0740486,-0.00483108,-1.81034,,
1574396516.13425,0.00349066,0.0,0.0,0.0740486,-0.00483108,-8.25397,,
1574396520.40363,-0.0191986,0.0,0.0,0.0740486,-0.00483108,-14.6848,,
1574396524.83066,0.0855211,0.0,0.0,0.0740486,-0.00483108,-21.3071,,
1574396529.09979,0.00174533,0.29015,0.0684962,0.0740486,-0.00483108,-27.6614,,
1574396533.38318,0.0226893,0.04145,-0.0574896,0.0740486,-0.00483108,-33.8371,,
1574396537.67151,0.0575959,0.0,-0.0095816,0.0740486,-0.00483108,-40.2297,,
1574396542.12897,0.020944,0.0,0.0,0.0740486,-0.00483108,-46.5457,,
1574396546.40143,0.020944,0.0,0.0,0.0740486,-0.00483108,-52.53,,
1574396550.6571,0.020944,0.0,0.0,0.0740486,-0.00483108,-58.6801,,
1574396554.93353,0.020944,0.0,0.0,-0.243288,-0.265502,-64.4858,,
1574396559.35239,0.020944,0.0,0.0,0.0740486,-0.00483108,-70.7508,,
1574396563.60599,0.020944,0.0,0.0,-0.173777,-0.189644,-76.8116,,
1574396568.03439,0.020944,0.0,0.0,-0.0,-0.0,-82.8597,,
1574396572.46677,0.020944,0.0,0.0,-0.204613,-0.155874,-89.2523,,
1574396576.89185,0.020944,0.0,0.0,-0.204613,-0.155874,-95.3131,,
1574396581.30127,0.020944,0.37305,0.0898483,-0.163691,-0.124699,-101.068,,
1574396585.74426,0.020944,0.0,-0.0827529,-0.347348,-0.0950236,-106.886,,
1574396590.19241,0.020944,0.0,0.0,-0.338394,-0.123165,-112.335,,
1574396594.60886,0.020944,0.0,0.0,-0.193368,-0.0703801,-117.847,,
1574396599.02069,0.020944,0.0,0.0,0.0740486,-0.00483108,-123.295,,
1574396603.29572,0.020944,0.0,0.0,-0.0,-0.0,-128.68,,
1574396607.72607,0.020944,0.179617,0.0390216,-0.0,-0.0,-134.205,,
1574396612.1546,0.020944,0.0,-0.0419567,-0.0,-0.0,-139.564,,
1574396616.56668,0.020944,0.0,0.0,-0.140077,-0.150741,-145.663,,
1574396620.97864,0.020944,0.0,0.0,-0.745373,-0.199722,-151.813,,
1574396625.40601,0.020944,0.0,0.0,-0.0,-0.0,-158.448,,
1574396629.83948,0.020944,0.0,0.0,-0.0,-0.0,-165.568,,
1574396634.25104,0.020944,0.0,0.0,0.0740486,-0.00483108,-172.739,,
1574396638.50955,0.020944,0.0,0.0,-0.0,-0.0,-180.356,,
1574396642.93948,0.020944,0.0,0.0,-0.0,-0.0,-188.063,,
1574396647.37146,0.020944,0.0,0.0,-0.0,-0.0,-196.217,,
1574396651.79407,0.020944,0.234883,0.0536876,-0.0,-0.0,-204.893,,
1574396656.20117,0.020944,0.62175,0.0896978,-0.0,-0.0,-213.582,,
1574396660.67752,0.020944,0.980983,0.0797764,0.0740486,-0.00483108,-222.476,,
1574396665.09882,0.020944,1.31258,0.0755697,0.0740486,-0.00483108,-232.16,,
1574396669.37134,0.020944,1.75472,0.103471,0.0740486,-0.00483108,-241.641,,
1574396673.6412,0.020944,2.22448,0.109656,0.0740486,-0.00483108,-251.338,,
1574396677.93896,0.020944,2.86005,0.146007,0.0740486,-0.00483108,-259.76,,
1574396682.28848,0.020944,3.41272,0.127284,0.0740486,-0.00483108,-261.048,,
1574396686.64062,0.020944,4.02065,0.139466,0.0740486,-0.00483108,-261.061,,
1574396690.96725,-0.596903,4.93255,0.196445,0.200217,-0.24413,-261.176,,
1574396695.09796,-0.555015,5.78918,0.173795,0.193218,-0.235717,-261.265,,
1574396699.47919,-0.415388,6.28658,0.142236,0.215226,-0.254361,-261.278,0.6195,0.2065
1574396703.70441,-0.397935,7.00505,0.172047,0.274612,-0.30785,-261.304,0.6195,0.2065
1574396708.07291,-0.427606,7.64061,0.144677,0.255974,-0.222412,-261.329,0.6195,0.2065
1574396712.30051,-0.436332,8.35908,0.177575,0.321683,-0.242304,-261.355,0.6195,0.2065
1574396716.66681,-0.431096,9.27098,0.20055,0.391406,-0.237102,-261.431,0.6195,0.2065
1574396720.8847,-0.420624,10.0171,0.18395,0.397903,-0.181402,-261.533,0.6195,0.2065
1574396725.0979,-0.420624,10.7632,0.170615,0.389992,-0.134409,-261.508,0.6195,0.2065
1574396729.32056,-0.417134,11.7027,0.224339,0.512348,-0.128857,-261.533,0.6195,0.2065
1574396733.69852,-0.42237,12.3383,0.144054,0.354593,-0.0593634,-261.533,0.7434,0.2478
1574396737.92072,-0.439823,13.1949,0.202657,0.461388,-0.0469095,-261.546,0.6195,0.2065
1574396742.13544,-0.436332,13.9134,0.175836,0.413409,-0.0190545,-261.546,0.618867,0.2065
1574396746.35361,-0.431096,14.6318,0.165889,0.397626,0.00816511,-261.546,,
1574396750.72568,-0.424115,15.5437,0.216295,0.503025,0.0440446,-261.546,3.40832,0.5369
1574396754.9379,-0.420624,16.6491,0.252129,0.573227,0.094009,-261.533,3.40832,0.5369
1574396759.15759,-0.410152,17.8373,0.293754,0.658188,0.168199,-261.546,3.40832,0.5369
1574396763.37225,-0.406662,19.1084,0.291611,0.644445,0.210704,-261.546,3.40832,0.5369
1574396767.73776,-0.411898,20.4072,0.297951,0.635027,0.24846,-261.546,3.40832,0.5369
1574396772.10748,-0.410152,21.6507,0.293071,0.615111,0.272044,-261.546,3.14615,0.4956
1574396776.32111,-0.413643,23.0047,0.311129,0.637457,0.299803,-261.546,3.40832,0.5369
1574396780.53995,-0.411898,24.3035,0.320209,0.642839,0.334236,-261.559,3.40832,0.5369
1574396784.92471,-0.417134,25.547,0.281717,0.565826,0.291828,-261.571,3.40832,0.5369
1574396789.14725,-0.415388,27.0116,0.336218,0.661135,0.357761,-261.559,3.40832,0.5369
1574396793.36108,-0.418879,28.1722,0.28467,0.573147,0.286819,-261.61,,
1574396797.58545,-0.411898,29.692,0.359214,0.697295,0.401458,-261.584,5.47878,0.7021
1574396801.95856,-0.403171,30.9908,0.297677,0.604168,0.331593,-261.597,5.47878,0.7021
1574396806.17557,-0.404916,32.483,0.351106,0.699535,0.389059,-261.584,5.4645,0.7021
1574396810.39554,-0.420624,33.837,0.323313,0.639055,0.326656,-261.571,5.4645,0.7021
1574396814.60928,-0.413643,35.4121,0.374845,0.735016,0.397044,-261.661,5.14306,0.6608
1574396818.98349,-0.406662,36.8214,0.320806,0.645585,0.348157,-261.623,5.14306,0.6608
1574396823.19711,-0.411898,38.2583,0.33954,0.668688,0.369633,-261.635,5.4645,0.7021
1574396827.41528,-0.411898,39.7505,0.357584,0.656824,0.452123,-261.597,5.14306,0.6608
1574396831.63046,-0.403171,41.0493,0.307619,0.584886,0.395717,-261.674,5.4645,0.7021
1574396836.0083,-0.411898,42.8455,0.368823,0.685912,0.452901,-261.533,0.0,0.0
1574396840.24417,-0.375246,44.2271,0.311046,0.659425,0.384092,-247.025,,
1574396844.40497,-0.256563,44.8351,0.178019,0.565989,0.235104,-222.501,,
1574396848.57013,-0.20944,45.3877,0.12808,0.504375,0.121005,-200.07,,
1574396852.87186,-0.193732,45.8299,0.102559,0.608315,0.0864927,-177.332,,
1574396857.01578,-0.18326,46.1062,0.0667149,0.31507,0.0205013,-155.386,,
1574396861.15808,-0.167552,46.3825,0.0666988,0.0740486,-0.00483108,-133.681,,
1574396865.30008,-0.136136,46.4931,0.026757,0.0740486,-0.00483108,-111.492,,
1574396869.61798,-0.10472,46.5483,0.0126468,0.0740486,-0.00483108,-89.5713,,
1574396873.75992,-0.0698132,46.7418,0.0468816,0.0740486,-0.00483108,-67.8543,,
1574396877.9024,-0.0471239,46.7141,-0.00667311,0.0740486,-0.00483108,-46.3926,,
1574396882.04742,-0.0139626,46.7694,0.0133109,0.0740486,-0.00483108,-24.6501,,
1574396886.3392,0.0174533,46.6036,-0.0386931,0.0740486,-0.00483108,-2.49936,,
1574396890.48563,0.0488692,46.4931,-0.0277165,0.0740486,-0.00483108,18.9624,,
1574396894.62753,0.0802851,46.3825,-0.0255983,0.0740486,-0.00483108,40.7304,,
1574396898.91898,0.0994838,46.1891,-0.0468135,0.0740486,-0.00483108,62.8173,,
1574396903.2132,0.123918,45.968,-0.0516149,0.0740486,-0.00483108,85.0319,,
1574396907.35367,0.146608,45.6641,-0.0738679,0.0740486,-0.00483108,107.374,,
1574396911.50784,0.185005,45.3325,-0.0798267,0.0740486,-0.00483108,128.428,,
1574396915.65726,0.219911,45.0285,-0.0730162,0.311746,0.0113735,149.928,,
1574396919.96198,0.26529,44.6416,-0.0901577,0.333934,0.0266185,173.125,,
1574396924.14911,0.307178,44.1442,-0.114503,0.368987,0.0503651,193.706,,
1574396928.3075,0.340339,43.6192,-0.126331,0.371886,0.0595637,215.474,,
1574396932.46039,0.380482,43.0113,-0.151114,0.391085,0.0927022,237.548,,
1574396936.79425,0.385718,42.1546,-0.192199,0.466262,0.143374,260.171,,
1574396940.91641,0.406662,41.4914,-0.162549,0.372667,0.148638,,,
1574396944.99893,0.439823,40.469,-0.251707,0.493165,0.241063,,,
1574396949.07858,0.443314,39.5295,-0.22994,0.448526,0.225549,,,
1574396953.30759,0.42237,38.5347,-0.235735,0.478006,0.241746,,,
1574396957.38925,0.424115,37.678,-0.207467,0.438023,0.191969,236.272,,
1574396961.76416,0.432842,36.5727,-0.244489,0.514,0.185553,236.094,0.6195,0.2065
1574396966.07407,0.417134,35.4674,-0.267765,0.586913,0.180823,252.069,0.6195,0.2065
1574396970.53479,0.42237,34.3344,-0.250435,0.546118,0.169793,,0.6195,0.2065
1574396974.75375,0.446804,33.2567,-0.254414,0.526619,0.165279,,0.6195,0.2065
1574396978.97375,0.462512,32.0961,-0.28537,0.565882,0.177104,,0.6195,0.2065
1574396983.19043,0.45204,30.9079,-0.279387,0.563622,0.186046,255.322,0.6195,0.2065
1574396987.56183,0.450295,29.6091,-0.297473,0.594217,0.208506,255.131,0.6195,0.2065
1574396991.7796,0.453786,28.4209,-0.283047,0.566138,0.192988,255.029,0.6195,0.2065
1574396995.98816,0.459022,27.1497,-0.289157,0.566001,0.207037,254.914,0.625108,0.2065
1574397000.21014,0.453786,25.7681,-0.342081,0.665161,0.2473,254.888,0.625108,0.2065
1574397004.57581,0.459022,24.5798,-0.272718,0.536927,0.196434,254.735,0.625108,0.2065
1574397008.78363,0.446804,23.2811,-0.308716,0.610753,0.236373,254.748,,
1574397012.99707,0.450295,22.0652,-0.288257,0.570352,0.219259,254.595,3.4275,0.5369
1574397017.21182,0.462512,20.4348,-0.383887,0.722934,0.27866,254.557,3.4275,0.5369
1574397021.58142,0.460767,18.7768,-0.366895,0.699141,0.260505,254.48,3.16385,0.4956
1574397025.95959,0.455531,17.1465,-0.385886,0.746365,0.261358,254.467,3.16385,0.4956
1574397030.17764,0.446804,15.4608,-0.399913,0.797475,0.242853,254.442,3.4275,0.5369
1574397034.39352,0.443314,13.8028,-0.393357,0.799313,0.215521,254.455,3.16385,0.4956
1574397038.75967,0.443314,12.2001,-0.36701,0.756961,0.176878,254.378,3.16385,0.4956
1574397042.97763,0.443314,10.4868,-0.408309,0.840066,0.176248,254.429,3.4275,0.5369
1574397047.19138,0.450295,8.85648,-0.385703,0.787519,0.155956,254.327,3.4275,0.5369
1574397051.4075,0.450295,7.03268,-0.375345,0.775381,0.11505,254.161,0.0,0.0
1574397055.83408,0.420624,5.09835,-0.393237,0.867763,0.0841983,240.661,,
1574397059.98526,0.34383,4.15882,-0.298265,0.801131,0.0536686,227.812,,
1574397064.13791,0.26529,3.38508,-0.195684,0.661306,0.02903,215.729,,
1574397068.30237,0.21293,2.50082,-0.202674,0.789322,-0.00857627,205.93,,
1574397073.263,0.0942478,1.75472,-0.148271,0.580213,-0.0198537,191.703,,
1574397077.53812,-0.0366519,1.64418,-0.0258678,0.306959,-0.00930318,180.193,,
1574397081.81107,-0.0907571,1.61655,-0.0067218,0.0740486,-0.00483108,168.442,,
1574397086.26926,-0.0645772,1.72708,0.0246836,0.0740486,-0.00483108,157.264,,
1574397090.71881,-0.0698132,1.64418,-0.0185708,0.0740486,-0.00483108,145.423,,
1574397095.00308,-0.115192,1.64418,0.0,0.0740486,-0.00483108,134.118,,
1574397099.27289,-0.141372,1.36785,-0.0651269,0.0740486,-0.00483108,123.107,,
1574397103.5408,-0.16057,1.39548,0.00652037,0.0740486,-0.00483108,111.508,,
1574397107.98199,-0.174533,1.22968,-0.037452,0.0740486,-0.00483108,100.318,,
1574397112.24625,-0.195477,1.17442,-0.0129917,0.0740486,-0.00483108,89.7275,,
1574397116.51828,-0.20944,1.14678,-0.00639069,0.0444959,-0.0103617,79.1752,,
1574397120.836,-0.204204,0.815183,-0.0767415,-0.287456,-0.0862996,68.8909,,
1574397125.31219,-0.207694,0.649383,-0.0368035,-0.0956279,-0.0461938,58.747,,
1574397129.59091,-0.232129,0.345417,-0.0713034,-0.217308,-0.0828999,48.7307,,
1574397133.86392,-0.247837,0.0967166,-0.0582299,-0.152851,-0.0432083,39.4416,,
1574397138.13638,-0.20944,0.0,-0.0227141,-0.0326135,-0.0113548,30.1654,,
1574397142.58755,-0.185005,0.0,0.0,0.611214,0.0478385,21.3995,,
1574397147.0596,-0.191986,0.0,0.0,0.289713,0.0331963,12.9398,,
1574397151.36157,-0.195477,0.0,0.0,0.0740486,-0.00483108,5.13091,,
1574397155.66614,-0.202458,0.0,0.0,0.0740486,-0.00483108,-2.09105,,
1574397160.13144,0.0418879,0.0,0.0,0.470299,0.310361,-8.93023,,
1574397164.40024,-0.020944,0.0,0.0,0.205184,0.186687,-15.4121,,
1574397168.66534,0.0994838,0.0,0.0,0.0740486,-0.00483108,-21.8302,,
1574397172.93106,0.0,0.0,0.0,0.0740486,-0.00483108,-28.2356,,
1574397177.37207,0.0314159,0.0,0.0,0.0599375,0.141718,-34.6665,,
1574397181.81454,0.0122173,0.677017,0.149188,0.0740486,-0.00483108,-41.3653,0.0,0.0
1574397186.08957,0.0436332,0.0,-0.161003,0.0740486,-0.00483108,-47.3878,,
1574397190.36517,0.0436332,0.0,0.0,0.0740486,-0.00483108,-53.3211,,
1574397194.79065,0.0436332,0.0,0.0,0.0740486,-0.00483108,-59.6882,,
1574397199.04968,0.0436332,0.151983,0.03561,0.0740486,-0.00483108,-65.6214,,
1574397203.32864,0.0436332,0.0,-0.0353614,0.0740486,-0.00483108,-71.644,,
1574397207.80637,0.0436332,0.0,0.0,0.0740486,-0.00483108,-78.0493,,
1574397212.27475,0.0436332,0.0,0.0,0.0740486,-0.00483108,-84.0974,,
1574397216.54352,0.0436332,0.0,0.0,-0.0,-0.0,-89.9413,,
1574397220.95441,0.0436332,0.0,0.0,-0.0,-0.0,-95.7214,,
1574397225.3808,0.0436332,0.0,0.0,-0.0,-0.0,-101.399,,
1574397229.78989,0.0436332,0.0,0.0,-0.0,-0.0,-107.167,,
1574397234.19809,0.0436332,0.262517,0.0594871,0.0740486,-0.00483108,-112.807,,
1574397238.46442,0.0436332,0.0,-0.0601275,-0.103269,-0.114692,-118.587,,
1574397242.909,0.0436332,0.0,0.0,-0.0,-0.0,-124.75,,
1574397247.3443,0.0436332,0.0,0.0,-0.0,-0.0,-131.474,,
1574397251.79108,0.0436332,0.0,0.0,-2.48631,1.74093,-138.045,,
1574397256.20255,0.0436332,0.0,0.0,-0.536906,-0.398742,-145.497,,
1574397260.62646,0.0436332,0.0,0.0,-0.0,-0.0,-152.515,,
1574397265.07269,0.0436332,0.0,0.0,-0.0,-0.0,-159.456,,
1574397269.48032,0.0436332,0.0,0.0,-0.0,-0.0,-166.461,,
1574397273.88788,0.0436332,0.0,0.0,0.0740486,-0.00483108,-173.402,,
1574397278.1543,0.0436332,0.0,0.0,-0.0,-0.0,-180.701,,
1574397282.58182,0.0436332,0.0,0.0,-0.0,-0.0,-188.101,,
1574397287.01053,0.0436332,0.0,0.0,-0.0,-0.0,-195.706,,
1574397291.43515,0.0436332,0.0,0.0,0.0740486,-0.00483108,-203.617,,
1574397295.69571,0.0436332,0.0690833,0.0163705,0.0740486,-0.00483108,-211.273,,
1574397300.11276,0.0436332,0.317783,0.0562034,0.0740486,-0.00483108,-219.516,,
1574397304.38379,0.0436332,0.677017,0.0840508,0.0740486,-0.00483108,-227.886,,
1574397308.65735,0.0436332,0.842816,0.0388928,0.0740486,-0.00483108,-236.639,,
1574397312.92618,0.0436332,1.25732,0.095573,0.0740486,-0.00483108,-245.482,,
1574397317.39523,0.0436332,1.72708,0.105875,0.0740486,-0.00483108,-254.694,,
1574397321.6915,0.0436332,2.27975,0.128977,0.0740486,-0.00483108,,,
1574397325.87268,0.0436332,2.69425,0.0985966,0.0740486,-0.00483108,-261.023,,
1574397330.37558,0.0436332,3.41272,0.158777,0.0740486,-0.00483108,-261.036,,
1574397334.8671,0.0436332,3.96538,0.123336,0.0740486,-0.00483108,-261.048,,
1574397339.18842,0.0436332,4.76675,0.185459,0.0740486,-0.00483108,-261.061,,
1574397343.51486,-0.58294,5.67865,0.196403,-0.189717,0.0834237,-261.138,,
1574397347.67221,-0.572468,6.39712,0.171023,-0.158328,0.0779146,-261.15,,
1574397352.04813,-0.42586,7.19848,0.196125,-0.284113,0.1472,-261.291,0.6195,0.2065
1574397356.27985,-0.389208,7.83405,0.151038,-0.203872,0.162821,-261.291,0.6195,0.2065
1574397360.48911,-0.445059,8.38671,0.131181,-0.116608,0.151219,-261.291,0.6195,0.2065
1574397364.70856,-0.464258,9.24335,0.203718,-0.16573,0.277906,-261.291,0.6195,0.2065
1574397369.07809,-0.445059,10.1276,0.201061,-0.105833,0.332057,-261.278,0.6195,0.2065
1574397373.29822,-0.439823,10.9566,0.197099,-0.0201316,0.361977,-261.291,0.6195,0.2065
1574397377.51474,-0.445059,11.7027,0.175141,0.0671035,0.326723,-261.329,0.618616,0.2065
1574397381.73883,-0.453786,12.5593,0.204203,0.14794,0.368349,-261.355,,
1574397386.10568,-0.455531,13.3331,0.176049,0.204929,0.293322,-261.431,0.7434,0.2478
1574397390.32437,-0.450295,14.3555,0.235313,0.330704,0.356318,-261.418,0.6195,0.2065
1574397394.69247,-0.446804,14.9634,0.139723,0.265282,0.174122,-261.406,0.6195,0.2065
1574397398.91556,-0.450295,15.903,0.220186,0.414879,0.230292,-261.495,0.6195,0.2065
1574397403.29355,-0.446804,16.732,0.190882,0.395461,0.158937,-261.457,,
1574397407.51044,-0.439823,17.8097,0.255017,0.536481,0.164395,-261.533,3.40935,0.5369
1574397411.73407,-0.431096,19.0255,0.266579,0.586156,0.113398,-261.291,0.0,0.0
1574397415.96964,-0.392699,20.1309,0.262487,0.637246,0.0573465,-246.502,,
1574397420.2778,-0.267035,20.9875,0.218195,0.726722,-0.0550515,-221.493,,
1574397424.46161,-0.20944,21.2638,0.0659035,0.288446,-0.0535409,-199.228,,
1574397428.61285,-0.204204,21.6231,0.0869183,0.359901,-0.101587,-176.311,,
1574397432.78561,-0.193732,22.0928,0.112223,0.572923,-0.205377,-154.161,,
1574397437.09732,-0.164061,22.3692,0.0640105,0.282847,-0.101752,-132.303,,
1574397441.23807,-0.127409,22.4244,0.0132821,0.0740486,-0.00483108,-110.51,,
1574397445.3808,-0.102974,22.5073,0.0209027,0.0740486,-0.00483108,-88.3974,,
1574397449.54599,-0.0837758,22.7008,0.0444776,0.0740486,-0.00483108,-66.9994,,
1574397453.83862,-0.0541052,22.6455,-0.0133882,0.0740486,-0.00483108,-44.7976,,
1574397458.13336,-0.015708,22.6455,0.0,0.0740486,-0.00483108,-22.1875,,
1574397462.26984,0.015708,22.535,-0.0269331,0.0740486,-0.00483108,-0.177104,,
1574397466.43137,0.0453786,22.3968,-0.0331255,0.0740486,-0.00483108,21.6292,,
1574397470.74353,0.0767945,22.1757,-0.0512321,0.0740486,-0.00483108,43.6906,,
1574397474.88739,0.102974,22.1205,-0.013298,0.0740486,-0.00483108,64.961,,
1574397479.02496,0.129154,21.8441,-0.0670061,0.0740486,-0.00483108,87.1628,,
1574397483.20056,0.151844,21.5402,-0.0727541,0.0740486,-0.00483108,108.522,,
1574397487.48749,0.18326,21.1809,-0.0842282,0.0740486,-0.00483108,131.439,,
1574397491.64035,0.216421,20.9599,-0.0531282,0.231682,-0.0675608,152.39,,
1574397495.79398,0.251327,20.5454,-0.0997833,0.358106,-0.111601,174.962,,
1574397499.97247,0.286234,20.1309,-0.0994482,0.331785,-0.0976219,196.22,,
1574397504.2767,0.329867,19.6058,-0.121227,0.358646,-0.099504,218.728,,
1574397508.44855,0.364774,19.0255,-0.138861,0.374894,-0.101422,240.355,,
1574397512.62872,0.397935,18.3071,-0.173166,0.424793,-0.108726,260.184,,
1574397516.70877,0.417134,17.6162,-0.172063,0.411007,-0.0888442,,,
1574397520.93079,0.427606,16.6491,-0.220412,0.500116,-0.100068,,,
1574397525.01599,0.427606,15.8753,-0.196929,0.454832,-0.0850746,,,
1574397529.09271,0.418879,14.9082,-0.227355,0.521948,-0.10906,236.719,,
1574397533.18005,0.424115,13.8857,-0.254717,0.569122,-0.127349,236.591,,
1574397537.6557,0.420624,12.7528,-0.242346,0.540205,-0.15181,255.348,0.6195,0.2065
1574397541.93637,0.429351,11.6751,-0.265509,0.573596,-0.168108,,0.6195,0.2065
1574397546.15594,0.445059,10.5697,-0.262425,0.549934,-0.161294,,0.6195,0.2065
1574397550.36765,0.446804,9.27098,-0.308349,0.624537,-0.21065,,0.6195,0.2065
1574397554.73572,0.44855,7.77878,-0.301515,0.603857,-0.221042,255.501,0.0,0.0
1574397558.97131,0.392699,6.75635,-0.279048,0.636996,-0.220926,252.77,,
1574397563.13187,0.294961,5.73392,-0.241425,0.689025,-0.272231,239.245,,
1574397567.28458,0.207694,5.04308,-0.165986,0.614645,-0.244391,225.477,,
1574397571.59113,0.0733038,4.49042,-0.131713,0.537866,-0.206505,212.335,,
1574397575.73901,-0.0226893,4.35225,-0.0332771,0.295585,-0.0956898,199.32,,
1574397579.89523,-0.0471239,4.13118,-0.05309,0.0740486,-0.00483108,186.318,,
1574397584.20779,-0.0436332,4.04828,-0.0192388,0.0740486,-0.00483108,172.461,,
1574397588.50595,-0.0663225,3.96538,-0.0189659,0.0740486,-0.00483108,160.493,,
1574397593.28021,-0.214676,3.88248,-0.0169011,0.000844795,0.0206612,144.875,,
1574397597.6395,-0.322886,3.93775,0.0129764,0.101179,-0.0134894,130.533,,
1574397601.93158,-0.139626,3.93775,0.0,0.586775,-0.164527,116.676,,
1574397606.38916,-0.0872665,3.71668,-0.0478085,0.279596,-0.0716176,103.138,,
1574397610.71066,-0.176278,3.41272,-0.0728762,0.0740486,-0.00483108,90.5058,,
1574397615.03659,-0.207694,3.30218,-0.0255391,-0.0418477,0.030602,77.9503,,
1574397619.34052,-0.205949,2.83242,-0.110352,-0.438035,0.124746,65.6755,,
1574397623.78882,-0.20944,2.50082,-0.0720243,-0.259955,0.0522612,53.3114,,
1574397628.08087,-0.226893,2.19685,-0.0707722,-0.230764,0.027744,41.8405,,
1574397632.39233,-0.230383,1.80998,-0.0884266,-0.302174,0.0194982,30.8033,,
1574397636.67316,-0.216421,1.47838,-0.0786527,-0.28364,-0.0104501,19.8683,,
1574397641.14014,-0.18675,1.14678,-0.0737544,0.60725,0.0305841,9.26504,,
1574397645.58987,-0.188496,0.759917,-0.0863734,0.289813,0.0216614,-0.827847,,
1574397649.87354,-0.219911,0.483583,-0.0644434,-0.211518,-0.0444568,-10.3466,,
1574397654.15402,-0.253073,0.0690833,-0.10127,-0.313724,-0.059329,-19.2656,,
1574397658.59222,-0.270526,0.0,-0.0155804,0.0182513,-0.0113858,-28.3122,,
1574397662.87134,-0.242601,0.0,0.0,0.0740486,-0.00483108,-36.4401,,
1574397667.14529,-0.268781,0.0,0.0,0.0740486,-0.00483108,-44.3766,,
1574397671.44266,-0.329867,0.0,0.0,0.0740486,-0.00483108,-51.3178,,
1574397675.91364,-0.254818,0.0,0.0,0.216575,-0.00707005,-58.476,,
1574397680.36646,-0.00523599,0.0,0.0,0.427612,-0.06083,-65.0217,0.7434,0.2478
1574397684.80161,-0.10821,0.0,0.0,0.396693,-0.0127163,-71.6695,0.6195,0.2065
1574397689.26169,-0.0174533,0.0,0.0,0.392346,-0.0684332,-78.2279,0.6195,0.2065
1574397693.8829,-0.146608,0.0,0.0,0.424202,-0.0577868,-84.9523,0.742098,0.2478
1574397698.34018,-0.326377,0.0,0.0,0.410453,-0.0473288,-92.557,,
1574397702.83188,-0.469494,0.0,0.0,0.390183,-0.0492609,-100.557,0.7434,0.2478
1574397707.48477,-0.469494,0.428317,0.0888439,0.360455,-0.0471239,-109.719,0.6195,0.2065
1574397712.11774,-0.469494,1.11915,0.153076,0.360455,-0.0471239,-119.837,0.6195,0.2065
1574397716.54495,-0.469494,1.72708,0.144402,0.389865,-0.0514669,-130.377,0.7434,0.2478
1574397720.97031,-0.469494,2.47318,0.168192,0.389865,-0.0514669,-141.388,0.7434,0.2478
1574397725.4007,-0.469494,3.30218,0.187769,0.360455,-0.0471239,-153.854,0.6195,0.2065
1574397730.01935,-0.469494,4.21408,0.196065,0.422665,-0.0563103,-167.252,0.6195,0.2065
1574397734.48718,-0.488692,5.12598,0.188916,0.398796,-0.0241246,-180.905,,
1574397738.80905,-0.591667,6.14842,0.253958,0.428949,-0.00111444,-194.953,3.64683,0.5782
1574397743.13605,-0.680678,8.91175,0.394875,0.503908,-0.183764,-214.527,,
1574397749.12463,-0.60912,10.2381,0.365399,0.567685,-0.0462829,-216.364,0.0,0.0
1574397753.30026,-0.356047,11.2606,0.271131,0.71033,-0.0863406,-192.465,,
1574397757.5101,-0.151844,11.7856,0.122158,0.606034,-0.00575957,-169.753,,
1574397761.65649,-0.137881,12.0067,0.0540902,0.309783,0.0274605,-147.666,,
1574397765.94467,-0.165806,12.2277,0.0516752,0.0740486,-0.00483108,-124.788,,
1574397770.23947,-0.143117,12.4764,0.05777,0.0740486,-0.00483108,-102.191,,
1574397774.38065,-0.102974,12.7251,0.0600434,0.0740486,-0.00483108,-80.2695,,
1574397778.52029,-0.0680678,12.8633,0.0334787,0.0740486,-0.00483108,-58.7439,,
1574397782.81085,-0.0436332,12.7804,-0.0192567,0.0740486,-0.00483108,-35.9935,,
1574397786.95224,-0.0174533,12.7804,0.0,0.0740486,-0.00483108,-14.3658,,
1574397791.08807,0.015708,12.7528,-0.0067218,0.0740486,-0.00483108,7.91252,,
1574397795.25153,0.0558505,12.7804,0.00661876,0.0740486,-0.00483108,28.9787,,
1574397799.53531,0.0767945,12.5317,-0.0583666,0.0740486,-0.00483108,52.0865,,
1574397803.69598,0.0959931,12.4212,-0.026475,0.0740486,-0.00483108,73.1782,,
1574397808.00403,0.118682,12.1725,-0.0577432,0.0740486,-0.00483108,95.8904,,
1574397812.13962,0.15708,12.0343,-0.0334059,0.0740486,-0.00483108,117.39,,
1574397816.42554,0.198968,11.6751,-0.0838546,0.118688,0.286889,139.771,,
1574397820.58719,0.235619,11.4264,-0.0591157,0.0737334,0.175764,161.845,,
1574397824.73822,0.26529,11.0948,-0.080957,0.0419714,0.226337,184.009,,
1574397828.90631,0.301942,10.5974,-0.119309,0.00474539,0.305214,205.407,,
1574397833.23605,0.349066,10.1,-0.114529,-0.0426443,0.237639,227.468,,
1574397837.39124,0.376991,9.38151,-0.166698,-0.132384,0.302374,248.84,,
1574397841.54486,0.403171,8.77358,-0.147378,-0.13933,0.214591,,,
1574397845.63113,0.417134,7.83405,-0.231127,-0.290356,0.291313,,,
1574397849.85904,0.432842,7.17085,-0.156785,-0.178293,0.165375,,,
1574397853.94733,0.413643,6.09315,-0.261514,-0.395978,0.254637,236.961,,
1574397858.02966,0.397935,5.09835,-0.237593,-0.380684,0.215975,236.744,,
1574397862.18933,0.403171,4.13118,-0.236471,-0.36046,0.236021,251.762,,
1574397866.483,0.418879,3.27455,-0.210786,-0.294619,0.208019,,,
1574397870.56891,0.418879,2.00342,-0.286614,,,,,
1574397874.83539,0.418879,1.03625,-0.247104,,,,,
1574397879.13,0.418879,0.0967166,-0.217083,,,256.19,,
1574397883.37607,0.418879,0.20725,0.0265386,,,256.062,,
1574397887.46622,0.418879,0.594117,0.0951701,,,256.088,,
1574397891.56274,0.418879,0.594117,0.0,,,256.05,,
1574397895.81961,0.418879,0.29015,-0.0714543,,,255.96,,
1574397900.05914,0.418879,0.0,-0.0687885,,,255.858,,
1574397904.14795,0.418879,0.0,0.0,,,255.743,,
1574397908.23239,0.418879,0.0,0.0,,,255.641,,
1574397912.36694,0.418879,0.0,0.0,,,255.463,,
1574397916.62222,0.418879,0.0,0.0,,,255.412,,
1574397920.72537,0.418879,0.0,0.0,,,255.156,,
1574397924.80911,0.418879,0.04145,0.0103033,,,255.297,,
1574397928.89258,0.418879,0.0,-0.00997833,,,255.08,,
1574397933.13171,0.418879,0.759917,0.181972,,,254.965,,
1574397937.23825,0.418879,0.151983,-0.145543,,,254.876,,
1574397941.37494,0.418879,0.0883313,-0.0148166,,,254.621,,
1574397945.46188,0.418879,1.71694,0.417271,,,254.595,,
1574397949.70541,0.418879,0.0,-0.406858,,,254.455,,
1574397953.79422,0.418879,0.999248,0.244674,,,254.455,,
1574397957.90118,0.418879,1.49611,0.119152,,,254.327,,
1574397962.01096,0.418879,0.916437,-0.136042,0.0,-0.0,254.302,,
1574397966.51773,0.418879,0.0,-0.196872,0.195595,-0.0639303,254.097,,
1574397971.05176,0.418879,0.00552071,0.00129503,0.0,-0.0,253.983,,
1574397975.52551,0.418879,0.0,-0.00124117,0.0,-0.0,253.868,,
1574397979.99585,0.418879,0.0,0.0,0.167318,-0.119788,253.855,,
1574397984.46863,0.418879,0.00552071,0.00123755,,,253.791,,
1574397988.69315,0.418879,0.0607278,0.0127,0.0,-0.0,253.664,,
1574397993.18909,0.418879,0.00552071,-0.0122139,-0.178365,-0.251914,253.549,,
1574397997.74139,0.418879,0.00552071,0.0,-0.0,-0.0,253.459,,
1574398002.23718,0.418879,0.0,-0.00123755,-0.0,-0.0,253.421,,
1574398006.72125,0.418879,0.0,0.0,-0.148638,-0.209929,253.332,,
1574398011.20135,0.418879,0.00552071,0.00129079,-0.11891,-0.167943,253.23,,
1574398015.67395,0.418879,0.0,-0.00122956,-0.0,-0.0,253.14,,
1574398020.14676,0.418879,0.0607278,0.0136314,-0.0,-0.0,253.115,,
1574398024.62451,0.418879,0.0331242,-0.00616013,-0.0,-0.0,253.026,,
1574398029.11487,0.418879,0.0,-0.00729769,,,252.962,,
1574398033.34445,0.418879,0.0,0.0,-0.0,-0.0,252.847,,
1574398037.83798,0.418879,0.00552071,0.00128299,,,252.707,,
1574398042.07413,0.418879,0.0331242,0.0065118,,,252.656,,
1574398046.3118,0.418879,0.0607278,0.00650107,,,252.553,,
1574398054.95767,0.418879,0.0607278,0.0,,,252.477,,
1574398059.19147,0.418879,0.0,-0.0147936,,,252.375,,
1574398063.42819,0.418879,0.0,0.0,,,252.375,,
1574398067.65582,0.418879,0.0,0.0,,,252.324,,
1574398072.05643,0.418879,0.364367,0.082083,,,252.209,,
1574398076.28772,0.418879,0.0331242,-0.0797406,,,252.158,,
1574398080.52014,0.418879,0.0,-0.00679054,,,251.979,,
1574398084.84351,0.418879,0.0,0.0,,,252.03,,
1574398089.24759,0.418879,0.0,0.0,,,251.979,,
1574398093.64496,0.418879,0.0607278,0.0113616,,,251.852,,
1574398097.98386,0.418879,0.529988,0.135546,,,251.775,,
1574398102.31213,0.418879,0.447177,-0.0191425,,,251.699,,
1574398106.76599,0.418879,0.640402,0.042198,,,251.648,,
1574398110.99997,0.418879,0.115935,-0.128704,,,251.635,,
1574398115.23157,0.418879,0.00552071,-0.026115,,,251.571,,
1574398119.45944,0.418879,0.226349,0.0525031,,,251.533,,
1574398123.85849,0.418879,0.0883313,-0.0311834,,,251.443,,
1574398128.0929,0.418879,0.143538,0.013104,,,251.418,,
1574398132.32703,0.418879,0.0,-0.0339254,,,251.303,,
1574398136.55334,0.418879,0.0,0.0,,,251.29,,
1574398140.95651,0.418879,0.0331242,0.00445697,,,251.239,,
1574398146.59247,0.418879,0.0,-0.0126816,,,251.175,,
1574398150.82236,0.418879,0.0607278,0.0143768,,,251.175,,
1574398155.05792,0.418879,0.171142,0.0213155,,,251.048,,
1574398159.57516,0.418879,0.336763,0.0460187,,,250.933,,
1574398163.89694,0.418879,0.171142,-0.0383649,,,250.882,,
1574398168.16422,0.418879,0.0,-0.0403636,,,250.882,,
1574398172.39633,0.418879,0.00552071,0.00130853,,,250.831,,
1574398176.79337,0.418879,0.143538,0.0313748,,,250.78,,
1574398181.02176,0.418879,0.0883313,-0.0130144,,,250.691,,
1574398185.25803,0.418879,0.171142,0.0195446,,,250.64,,
1574398189.49268,0.418879,0.0,-0.0402214,,,250.525,,
1574398193.89969,0.418879,0.0,0.0,,,250.448,,
1574398198.13193,0.418879,0.0,0.0,,,250.448,,
1574398202.36139,0.418879,0.0,0.0,,,250.397,,
1574398206.59045,0.418879,0.0883313,0.0209217,,,250.333,,
1574398210.99533,0.418879,0.0,-0.0199664,,,250.218,,
1574398215.22809,0.418879,0.0,0.0,,,250.18,,
1574398219.55576,0.418879,0.0331242,0.00971385,,,250.091,,
1574398223.88281,0.418879,0.0331242,0.0,,,250.053,,
1574398230.88217,0.418879,0.0331242,0.0,,,249.848,,
1574398235.11685,0.418879,0.00552071,-0.00654888,,,249.899,,
1574398239.35092,0.418879,0.0,-0.00131445,,,249.874,,
1574398243.58331,0.418879,0.419574,0.0994958,,,249.772,,
1574398247.97952,0.418879,0.0,-0.0946478,,,249.81,,
1574398252.20938,0.418879,0.0,0.0,,,249.721,,
1574398256.54214,0.418879,0.0,0.0,,,249.606,,
1574398260.76666,0.418879,0.0,0.0,,,249.555,,
1574398265.16736,0.418879,0.0,0.0,,,249.504,,
1574398269.39328,0.418879,0.336763,0.0796884,,,249.478,,
1574398273.62265,0.418879,0.0331242,-0.0712934,,,249.389,,
1574398277.85297,0.418879,0.474781,0.0782247,,,249.325,,
